<?xml version="1.0" encoding="UTF-8"?>
<project-private xmlns="http://www.netbeans.org/ns/project-private/1">
    <editor-bookmarks xmlns="http://www.netbeans.org/ns/editor-bookmarks/2" lastBookmarkId="0"/>
    <open-files xmlns="http://www.netbeans.org/ns/projectui-open-files/2">
        <group name="GestioneSocket">
            <file>file:/home/monica/NetBeansProjects/Socket&amp;Protocol/ComunicazioneMulticastUDP/src/comunicazionemulticastudp/ClientMulticastUDP.java</file>
            <file>file:/home/monica/NetBeansProjects/Socket&amp;Protocol/ComunicazioneMulticastUDP/src/comunicazionemulticastudp/ServerMulticastUDP.java</file>
        </group>
        <group name="Socket&amp;Protocol">
            <file>file:/home/monica/NetBeansProjects/Socket&amp;Protocol/ComunicazioneMulticastUDP/src/comunicazionemulticastudp/ClientMulticastUDP.java</file>
            <file>file:/home/monica/NetBeansProjects/Socket&amp;Protocol/ComunicazioneMulticastUDP/src/comunicazionemulticastudp/ServerMulticastUDP.java</file>
        </group>
    </open-files>
</project-private>
